<?xml version="1.0" encoding="UTF-8"?>
<metadata modelVersion="1.1.0">
  <groupId>org.mcstats.bukkit</groupId>
  <artifactId>metrics</artifactId>
  <version>R8-SNAPSHOT</version>
  <versioning>
    <snapshot>
      <localCopy>true</localCopy>
    </snapshot>
    <lastUpdated>20180711163419</lastUpdated>
    <snapshotVersions>
      <snapshotVersion>
        <extension>jar</extension>
        <value>R8-SNAPSHOT</value>
        <updated>20180711163419</updated>
      </snapshotVersion>
      <snapshotVersion>
        <extension>pom</extension>
        <value>R8-SNAPSHOT</value>
        <updated>20180711163419</updated>
      </snapshotVersion>
    </snapshotVersions>
  </versioning>
</metadata>
